<?xml version="1.0" encoding="UTF-8"?><?xml-stylesheet type='text/xsl' href='_UpgradeReport_Files/UpgradeReport.xslt'?><UpgradeLog>
<Properties><Property Name="Solution" Value="TestLabo1">
</Property><Property Name="Fichier solution" Value="C:\Dropbox\Automne.12\C#\Tests\TestLabo1Etu\TestLabo1.sln">
</Property><Property Name="Date" Value="22 octobre 2012">
</Property><Property Name="Time" Value="11:46">
</Property></Properties><Event ErrorLevel="0" Project="TestLabo1" Source="TestLabo1.csproj" Description="Projet correctement converti">
</Event><Event ErrorLevel="3" Project="TestLabo1" Source="TestLabo1.csproj" Description="Converted">
</Event><Event ErrorLevel="0" Project="" Source="TestLabo1.sln" Description="Solution correctement convertie">
</Event><Event ErrorLevel="3" Project="" Source="TestLabo1.sln" Description="Converted">
</Event><Event ErrorLevel="0" Project="TestLabo1" Source="TestLabo1.csproj" Description="Analyse terminée : la mise à niveau n'est pas requise pour les fichiers projet.">
</Event></UpgradeLog>